Heavy Thick Flannel Plaid Jacket Sherpa Fleece Lined Hoodies for Men Zip Up Winter Warm Coat Buffalo Zipper Sweatshirt,$49.99,2024-11-17
Heavy Thick Flannel Plaid Jacket Sherpa Fleece Lined Hoodies for Men Zip Up Winter Warm Coat Buffalo Zipper Sweatshirt,$49.99,2024-11-17
Heavy Thick Flannel Plaid Jacket Sherpa Fleece Lined Hoodies for Men Zip Up Winter Warm Coat Buffalo Zipper Sweatshirt,$49.99,2024-11-17
Heavy Thick Flannel Plaid Jacket Sherpa Fleece Lined Hoodies for Men Zip Up Winter Warm Coat Buffalo Zipper Sweatshirt,$49.99,2024-11-17
Heavy Thick Flannel Plaid Jacket Sherpa Fleece Lined Hoodies for Men Zip Up Winter Warm Coat Buffalo Zipper Sweatshirt,$49.99,2024-11-17
Heavy Thick Flannel Plaid Jacket Sherpa Fleece Lined Hoodies for Men Zip Up Winter Warm Coat Buffalo Zipper Sweatshirt,$49.99,2024-11-17
Heavy Thick Flannel Plaid Jacket Sherpa Fleece Lined Hoodies for Men Zip Up Winter Warm Coat Buffalo Zipper Sweatshirt,$49.99,2024-11-17
Heavy Thick Flannel Plaid Jacket Sherpa Fleece Lined Hoodies for Men Zip Up Winter Warm Coat Buffalo Zipper Sweatshirt,$49.99,2024-11-17
Heavy Thick Flannel Plaid Jacket Sherpa Fleece Lined Hoodies for Men Zip Up Winter Warm Coat Buffalo Zipper Sweatshirt,$49.99,2024-11-17
Heavy Thick Flannel Plaid Jacket Sherpa Fleece Lined Hoodies for Men Zip Up Winter Warm Coat Buffalo Zipper Sweatshirt,$49.99,2024-11-17
Heavy Thick Flannel Plaid Jacket Sherpa Fleece Lined Hoodies for Men Zip Up Winter Warm Coat Buffalo Zipper Sweatshirt,$49.99,2024-11-17
Heavy Thick Flannel Plaid Jacket Sherpa Fleece Lined Hoodies for Men Zip Up Winter Warm Coat Buffalo Zipper Sweatshirt,$49.99,2024-11-17
Heavy Thick Flannel Plaid Jacket Sherpa Fleece Lined Hoodies for Men Zip Up Winter Warm Coat Buffalo Zipper Sweatshirt,$49.99,2024-11-17
Heavy Thick Flannel Plaid Jacket Sherpa Fleece Lined Hoodies for Men Zip Up Winter Warm Coat Buffalo Zipper Sweatshirt,$49.99,2024-11-17
Heavy Thick Flannel Plaid Jacket Sherpa Fleece Lined Hoodies for Men Zip Up Winter Warm Coat Buffalo Zipper Sweatshirt,$49.99,2024-11-17
Heavy Thick Flannel Plaid Jacket Sherpa Fleece Lined Hoodies for Men Zip Up Winter Warm Coat Buffalo Zipper Sweatshirt,$49.99,2024-11-17
Heavy Thick Flannel Plaid Jacket Sherpa Fleece Lined Hoodies for Men Zip Up Winter Warm Coat Buffalo Zipper Sweatshirt,$49.99,2024-11-17
Heavy Thick Flannel Plaid Jacket Sherpa Fleece Lined Hoodies for Men Zip Up Winter Warm Coat Buffalo Zipper Sweatshirt,$49.99,2024-11-17
Heavy Thick Flannel Plaid Jacket Sherpa Fleece Lined Hoodies for Men Zip Up Winter Warm Coat Buffalo Zipper Sweatshirt,$49.99,2024-11-17
Heavy Thick Flannel Plaid Jacket Sherpa Fleece Lined Hoodies for Men Zip Up Winter Warm Coat Buffalo Zipper Sweatshirt,$49.99,2024-11-17
Heavy Thick Flannel Plaid Jacket Sherpa Fleece Lined Hoodies for Men Zip Up Winter Warm Coat Buffalo Zipper Sweatshirt,$49.99,2024-11-17
Heavy Thick Flannel Plaid Jacket Sherpa Fleece Lined Hoodies for Men Zip Up Winter Warm Coat Buffalo Zipper Sweatshirt,$49.99,2024-11-17
Heavy Thick Flannel Plaid Jacket Sherpa Fleece Lined Hoodies for Men Zip Up Winter Warm Coat Buffalo Zipper Sweatshirt,$49.99,2024-11-17
Heavy Thick Flannel Plaid Jacket Sherpa Fleece Lined Hoodies for Men Zip Up Winter Warm Coat Buffalo Zipper Sweatshirt,$49.99,2024-11-17
Heavy Thick Flannel Plaid Jacket Sherpa Fleece Lined Hoodies for Men Zip Up Winter Warm Coat Buffalo Zipper Sweatshirt,$49.99,2024-11-17
Heavy Thick Flannel Plaid Jacket Sherpa Fleece Lined Hoodies for Men Zip Up Winter Warm Coat Buffalo Zipper Sweatshirt,$49.99,2024-11-17
Heavy Thick Flannel Plaid Jacket Sherpa Fleece Lined Hoodies for Men Zip Up Winter Warm Coat Buffalo Zipper Sweatshirt,$49.99,2024-11-17
Heavy Thick Flannel Plaid Jacket Sherpa Fleece Lined Hoodies for Men Zip Up Winter Warm Coat Buffalo Zipper Sweatshirt,$49.99,2024-11-17
Heavy Thick Flannel Plaid Jacket Sherpa Fleece Lined Hoodies for Men Zip Up Winter Warm Coat Buffalo Zipper Sweatshirt,$49.99,2024-11-17
Heavy Thick Flannel Plaid Jacket Sherpa Fleece Lined Hoodies for Men Zip Up Winter Warm Coat Buffalo Zipper Sweatshirt,$49.99,2024-11-17
Heavy Thick Flannel Plaid Jacket Sherpa Fleece Lined Hoodies for Men Zip Up Winter Warm Coat Buffalo Zipper Sweatshirt,$49.99,2024-11-17
Heavy Thick Flannel Plaid Jacket Sherpa Fleece Lined Hoodies for Men Zip Up Winter Warm Coat Buffalo Zipper Sweatshirt,$49.99,2024-11-17
Heavy Thick Flannel Plaid Jacket Sherpa Fleece Lined Hoodies for Men Zip Up Winter Warm Coat Buffalo Zipper Sweatshirt,$49.99,2024-11-17
Heavy Thick Flannel Plaid Jacket Sherpa Fleece Lined Hoodies for Men Zip Up Winter Warm Coat Buffalo Zipper Sweatshirt,$49.99,2024-11-17
Heavy Thick Flannel Plaid Jacket Sherpa Fleece Lined Hoodies for Men Zip Up Winter Warm Coat Buffalo Zipper Sweatshirt,$49.99,2024-11-17
Heavy Thick Flannel Plaid Jacket Sherpa Fleece Lined Hoodies for Men Zip Up Winter Warm Coat Buffalo Zipper Sweatshirt,$49.99,2024-11-17
Heavy Thick Flannel Plaid Jacket Sherpa Fleece Lined Hoodies for Men Zip Up Winter Warm Coat Buffalo Zipper Sweatshirt,$49.99,2024-11-17
Heavy Thick Flannel Plaid Jacket Sherpa Fleece Lined Hoodies for Men Zip Up Winter Warm Coat Buffalo Zipper Sweatshirt,$49.99,2024-11-17
Heavy Thick Flannel Plaid Jacket Sherpa Fleece Lined Hoodies for Men Zip Up Winter Warm Coat Buffalo Zipper Sweatshirt,$49.99,2024-11-17
Heavy Thick Flannel Plaid Jacket Sherpa Fleece Lined Hoodies for Men Zip Up Winter Warm Coat Buffalo Zipper Sweatshirt,$49.99,2024-11-17
Heavy Thick Flannel Plaid Jacket Sherpa Fleece Lined Hoodies for Men Zip Up Winter Warm Coat Buffalo Zipper Sweatshirt,$49.99,2024-11-17
Heavy Thick Flannel Plaid Jacket Sherpa Fleece Lined Hoodies for Men Zip Up Winter Warm Coat Buffalo Zipper Sweatshirt,$49.99,2024-11-17
Heavy Thick Flannel Plaid Jacket Sherpa Fleece Lined Hoodies for Men Zip Up Winter Warm Coat Buffalo Zipper Sweatshirt,$49.99,2024-11-17
Heavy Thick Flannel Plaid Jacket Sherpa Fleece Lined Hoodies for Men Zip Up Winter Warm Coat Buffalo Zipper Sweatshirt,$49.99,2024-11-17
Heavy Thick Flannel Plaid Jacket Sherpa Fleece Lined Hoodies for Men Zip Up Winter Warm Coat Buffalo Zipper Sweatshirt,$49.99,2024-11-17
Heavy Thick Flannel Plaid Jacket Sherpa Fleece Lined Hoodies for Men Zip Up Winter Warm Coat Buffalo Zipper Sweatshirt,$49.99,2024-11-17
Heavy Thick Flannel Plaid Jacket Sherpa Fleece Lined Hoodies for Men Zip Up Winter Warm Coat Buffalo Zipper Sweatshirt,$49.99,2024-11-17
Heavy Thick Flannel Plaid Jacket Sherpa Fleece Lined Hoodies for Men Zip Up Winter Warm Coat Buffalo Zipper Sweatshirt,$49.99,2024-11-17
Heavy Thick Flannel Plaid Jacket Sherpa Fleece Lined Hoodies for Men Zip Up Winter Warm Coat Buffalo Zipper Sweatshirt,$49.99,2024-11-17
Heavy Thick Flannel Plaid Jacket Sherpa Fleece Lined Hoodies for Men Zip Up Winter Warm Coat Buffalo Zipper Sweatshirt,$49.99,2024-11-17
Heavy Thick Flannel Plaid Jacket Sherpa Fleece Lined Hoodies for Men Zip Up Winter Warm Coat Buffalo Zipper Sweatshirt,$49.99,2024-11-17
Heavy Thick Flannel Plaid Jacket Sherpa Fleece Lined Hoodies for Men Zip Up Winter Warm Coat Buffalo Zipper Sweatshirt,$49.99,2024-11-17
Heavy Thick Flannel Plaid Jacket Sherpa Fleece Lined Hoodies for Men Zip Up Winter Warm Coat Buffalo Zipper Sweatshirt,$49.99,2024-11-17
Heavy Thick Flannel Plaid Jacket Sherpa Fleece Lined Hoodies for Men Zip Up Winter Warm Coat Buffalo Zipper Sweatshirt,$49.99,2024-11-17
Heavy Thick Flannel Plaid Jacket Sherpa Fleece Lined Hoodies for Men Zip Up Winter Warm Coat Buffalo Zipper Sweatshirt,$49.99,2024-11-17
Heavy Thick Flannel Plaid Jacket Sherpa Fleece Lined Hoodies for Men Zip Up Winter Warm Coat Buffalo Zipper Sweatshirt,$49.99,2024-11-17
Heavy Thick Flannel Plaid Jacket Sherpa Fleece Lined Hoodies for Men Zip Up Winter Warm Coat Buffalo Zipper Sweatshirt,$49.99,2024-11-17
Heavy Thick Flannel Plaid Jacket Sherpa Fleece Lined Hoodies for Men Zip Up Winter Warm Coat Buffalo Zipper Sweatshirt,$49.99,2024-11-17
Heavy Thick Flannel Plaid Jacket Sherpa Fleece Lined Hoodies for Men Zip Up Winter Warm Coat Buffalo Zipper Sweatshirt,$49.99,2024-11-17
Heavy Thick Flannel Plaid Jacket Sherpa Fleece Lined Hoodies for Men Zip Up Winter Warm Coat Buffalo Zipper Sweatshirt,$49.99,2024-11-17
Heavy Thick Flannel Plaid Jacket Sherpa Fleece Lined Hoodies for Men Zip Up Winter Warm Coat Buffalo Zipper Sweatshirt,$49.99,2024-11-17
Heavy Thick Flannel Plaid Jacket Sherpa Fleece Lined Hoodies for Men Zip Up Winter Warm Coat Buffalo Zipper Sweatshirt,$49.99,2024-11-17
Heavy Thick Flannel Plaid Jacket Sherpa Fleece Lined Hoodies for Men Zip Up Winter Warm Coat Buffalo Zipper Sweatshirt,$49.99,2024-11-17
Heavy Thick Flannel Plaid Jacket Sherpa Fleece Lined Hoodies for Men Zip Up Winter Warm Coat Buffalo Zipper Sweatshirt,$49.99,2024-11-17
Heavy Thick Flannel Plaid Jacket Sherpa Fleece Lined Hoodies for Men Zip Up Winter Warm Coat Buffalo Zipper Sweatshirt,$49.99,2024-11-17
Heavy Thick Flannel Plaid Jacket Sherpa Fleece Lined Hoodies for Men Zip Up Winter Warm Coat Buffalo Zipper Sweatshirt,$49.99,2024-11-17
Heavy Thick Flannel Plaid Jacket Sherpa Fleece Lined Hoodies for Men Zip Up Winter Warm Coat Buffalo Zipper Sweatshirt,$49.99,2024-11-17
Heavy Thick Flannel Plaid Jacket Sherpa Fleece Lined Hoodies for Men Zip Up Winter Warm Coat Buffalo Zipper Sweatshirt,$49.99,2024-11-17
Heavy Thick Flannel Plaid Jacket Sherpa Fleece Lined Hoodies for Men Zip Up Winter Warm Coat Buffalo Zipper Sweatshirt,$49.99,2024-11-17
Heavy Thick Flannel Plaid Jacket Sherpa Fleece Lined Hoodies for Men Zip Up Winter Warm Coat Buffalo Zipper Sweatshirt,$49.99,2024-11-17
Heavy Thick Flannel Plaid Jacket Sherpa Fleece Lined Hoodies for Men Zip Up Winter Warm Coat Buffalo Zipper Sweatshirt,$49.99,2024-11-17
Heavy Thick Flannel Plaid Jacket Sherpa Fleece Lined Hoodies for Men Zip Up Winter Warm Coat Buffalo Zipper Sweatshirt,$49.99,2024-11-17
Heavy Thick Flannel Plaid Jacket Sherpa Fleece Lined Hoodies for Men Zip Up Winter Warm Coat Buffalo Zipper Sweatshirt,$49.99,2024-11-17
Heavy Thick Flannel Plaid Jacket Sherpa Fleece Lined Hoodies for Men Zip Up Winter Warm Coat Buffalo Zipper Sweatshirt,$49.99,2024-11-17
Heavy Thick Flannel Plaid Jacket Sherpa Fleece Lined Hoodies for Men Zip Up Winter Warm Coat Buffalo Zipper Sweatshirt,$49.99,2024-11-17
Heavy Thick Flannel Plaid Jacket Sherpa Fleece Lined Hoodies for Men Zip Up Winter Warm Coat Buffalo Zipper Sweatshirt,$49.99,2024-11-17
Heavy Thick Flannel Plaid Jacket Sherpa Fleece Lined Hoodies for Men Zip Up Winter Warm Coat Buffalo Zipper Sweatshirt,$49.99,2024-11-17
Heavy Thick Flannel Plaid Jacket Sherpa Fleece Lined Hoodies for Men Zip Up Winter Warm Coat Buffalo Zipper Sweatshirt,$49.99,2024-11-17
Heavy Thick Flannel Plaid Jacket Sherpa Fleece Lined Hoodies for Men Zip Up Winter Warm Coat Buffalo Zipper Sweatshirt,$49.99,2024-11-17
Heavy Thick Flannel Plaid Jacket Sherpa Fleece Lined Hoodies for Men Zip Up Winter Warm Coat Buffalo Zipper Sweatshirt,$49.99,2024-11-17
Heavy Thick Flannel Plaid Jacket Sherpa Fleece Lined Hoodies for Men Zip Up Winter Warm Coat Buffalo Zipper Sweatshirt,$49.99,2024-11-17
Heavy Thick Flannel Plaid Jacket Sherpa Fleece Lined Hoodies for Men Zip Up Winter Warm Coat Buffalo Zipper Sweatshirt,$49.99,2024-11-17
Heavy Thick Flannel Plaid Jacket Sherpa Fleece Lined Hoodies for Men Zip Up Winter Warm Coat Buffalo Zipper Sweatshirt,$49.99,2024-11-17
Heavy Thick Flannel Plaid Jacket Sherpa Fleece Lined Hoodies for Men Zip Up Winter Warm Coat Buffalo Zipper Sweatshirt,$49.99,2024-11-17
Heavy Thick Flannel Plaid Jacket Sherpa Fleece Lined Hoodies for Men Zip Up Winter Warm Coat Buffalo Zipper Sweatshirt,$49.99,2024-11-17
Heavy Thick Flannel Plaid Jacket Sherpa Fleece Lined Hoodies for Men Zip Up Winter Warm Coat Buffalo Zipper Sweatshirt,$49.99,2024-11-17
Heavy Thick Flannel Plaid Jacket Sherpa Fleece Lined Hoodies for Men Zip Up Winter Warm Coat Buffalo Zipper Sweatshirt,$49.99,2024-11-17
Heavy Thick Flannel Plaid Jacket Sherpa Fleece Lined Hoodies for Men Zip Up Winter Warm Coat Buffalo Zipper Sweatshirt,$49.99,2024-11-17
Heavy Thick Flannel Plaid Jacket Sherpa Fleece Lined Hoodies for Men Zip Up Winter Warm Coat Buffalo Zipper Sweatshirt,$49.99,2024-11-17
Heavy Thick Flannel Plaid Jacket Sherpa Fleece Lined Hoodies for Men Zip Up Winter Warm Coat Buffalo Zipper Sweatshirt,$49.99,2024-11-17
Heavy Thick Flannel Plaid Jacket Sherpa Fleece Lined Hoodies for Men Zip Up Winter Warm Coat Buffalo Zipper Sweatshirt,$49.99,2024-11-17
Heavy Thick Flannel Plaid Jacket Sherpa Fleece Lined Hoodies for Men Zip Up Winter Warm Coat Buffalo Zipper Sweatshirt,$49.99,2024-11-17
Heavy Thick Flannel Plaid Jacket Sherpa Fleece Lined Hoodies for Men Zip Up Winter Warm Coat Buffalo Zipper Sweatshirt,$49.99,2024-11-17
Heavy Thick Flannel Plaid Jacket Sherpa Fleece Lined Hoodies for Men Zip Up Winter Warm Coat Buffalo Zipper Sweatshirt,$49.99,2024-11-17
Heavy Thick Flannel Plaid Jacket Sherpa Fleece Lined Hoodies for Men Zip Up Winter Warm Coat Buffalo Zipper Sweatshirt,$49.99,2024-11-17
Heavy Thick Flannel Plaid Jacket Sherpa Fleece Lined Hoodies for Men Zip Up Winter Warm Coat Buffalo Zipper Sweatshirt,$49.99,2024-11-17
Heavy Thick Flannel Plaid Jacket Sherpa Fleece Lined Hoodies for Men Zip Up Winter Warm Coat Buffalo Zipper Sweatshirt,$49.99,2024-11-17
Heavy Thick Flannel Plaid Jacket Sherpa Fleece Lined Hoodies for Men Zip Up Winter Warm Coat Buffalo Zipper Sweatshirt,$49.99,2024-11-17
Heavy Thick Flannel Plaid Jacket Sherpa Fleece Lined Hoodies for Men Zip Up Winter Warm Coat Buffalo Zipper Sweatshirt,$49.99,2024-11-17
Heavy Thick Flannel Plaid Jacket Sherpa Fleece Lined Hoodies for Men Zip Up Winter Warm Coat Buffalo Zipper Sweatshirt,$49.99,2024-11-17
Heavy Thick Flannel Plaid Jacket Sherpa Fleece Lined Hoodies for Men Zip Up Winter Warm Coat Buffalo Zipper Sweatshirt,$49.99,2024-11-17
Heavy Thick Flannel Plaid Jacket Sherpa Fleece Lined Hoodies for Men Zip Up Winter Warm Coat Buffalo Zipper Sweatshirt,$49.99,2024-11-17
Heavy Thick Flannel Plaid Jacket Sherpa Fleece Lined Hoodies for Men Zip Up Winter Warm Coat Buffalo Zipper Sweatshirt,$49.99,2024-11-17
Heavy Thick Flannel Plaid Jacket Sherpa Fleece Lined Hoodies for Men Zip Up Winter Warm Coat Buffalo Zipper Sweatshirt,$49.99,2024-11-17
Heavy Thick Flannel Plaid Jacket Sherpa Fleece Lined Hoodies for Men Zip Up Winter Warm Coat Buffalo Zipper Sweatshirt,$49.99,2024-11-17
Heavy Thick Flannel Plaid Jacket Sherpa Fleece Lined Hoodies for Men Zip Up Winter Warm Coat Buffalo Zipper Sweatshirt,$49.99,2024-11-17
Heavy Thick Flannel Plaid Jacket Sherpa Fleece Lined Hoodies for Men Zip Up Winter Warm Coat Buffalo Zipper Sweatshirt,$49.99,2024-11-17
Heavy Thick Flannel Plaid Jacket Sherpa Fleece Lined Hoodies for Men Zip Up Winter Warm Coat Buffalo Zipper Sweatshirt,$49.99,2024-11-17
Heavy Thick Flannel Plaid Jacket Sherpa Fleece Lined Hoodies for Men Zip Up Winter Warm Coat Buffalo Zipper Sweatshirt,$49.99,2024-11-17
Heavy Thick Flannel Plaid Jacket Sherpa Fleece Lined Hoodies for Men Zip Up Winter Warm Coat Buffalo Zipper Sweatshirt,$49.99,2024-11-17
Heavy Thick Flannel Plaid Jacket Sherpa Fleece Lined Hoodies for Men Zip Up Winter Warm Coat Buffalo Zipper Sweatshirt,$49.99,2024-11-17
Heavy Thick Flannel Plaid Jacket Sherpa Fleece Lined Hoodies for Men Zip Up Winter Warm Coat Buffalo Zipper Sweatshirt,$49.99,2024-11-17
Heavy Thick Flannel Plaid Jacket Sherpa Fleece Lined Hoodies for Men Zip Up Winter Warm Coat Buffalo Zipper Sweatshirt,$49.99,2024-11-17
Heavy Thick Flannel Plaid Jacket Sherpa Fleece Lined Hoodies for Men Zip Up Winter Warm Coat Buffalo Zipper Sweatshirt,$49.99,2024-11-17
Heavy Thick Flannel Plaid Jacket Sherpa Fleece Lined Hoodies for Men Zip Up Winter Warm Coat Buffalo Zipper Sweatshirt,$49.99,2024-11-17
Heavy Thick Flannel Plaid Jacket Sherpa Fleece Lined Hoodies for Men Zip Up Winter Warm Coat Buffalo Zipper Sweatshirt,$49.99,2024-11-17
Heavy Thick Flannel Plaid Jacket Sherpa Fleece Lined Hoodies for Men Zip Up Winter Warm Coat Buffalo Zipper Sweatshirt,$49.99,2024-11-17
Heavy Thick Flannel Plaid Jacket Sherpa Fleece Lined Hoodies for Men Zip Up Winter Warm Coat Buffalo Zipper Sweatshirt,$49.99,2024-11-17
Heavy Thick Flannel Plaid Jacket Sherpa Fleece Lined Hoodies for Men Zip Up Winter Warm Coat Buffalo Zipper Sweatshirt,$49.99,2024-11-17
Heavy Thick Flannel Plaid Jacket Sherpa Fleece Lined Hoodies for Men Zip Up Winter Warm Coat Buffalo Zipper Sweatshirt,$49.99,2024-11-17
Heavy Thick Flannel Plaid Jacket Sherpa Fleece Lined Hoodies for Men Zip Up Winter Warm Coat Buffalo Zipper Sweatshirt,$49.99,2024-11-17
Heavy Thick Flannel Plaid Jacket Sherpa Fleece Lined Hoodies for Men Zip Up Winter Warm Coat Buffalo Zipper Sweatshirt,$49.99,2024-11-17
Heavy Thick Flannel Plaid Jacket Sherpa Fleece Lined Hoodies for Men Zip Up Winter Warm Coat Buffalo Zipper Sweatshirt,$49.99,2024-11-17
Heavy Thick Flannel Plaid Jacket Sherpa Fleece Lined Hoodies for Men Zip Up Winter Warm Coat Buffalo Zipper Sweatshirt,$49.99,2024-11-17
Heavy Thick Flannel Plaid Jacket Sherpa Fleece Lined Hoodies for Men Zip Up Winter Warm Coat Buffalo Zipper Sweatshirt,$49.99,2024-11-17
Heavy Thick Flannel Plaid Jacket Sherpa Fleece Lined Hoodies for Men Zip Up Winter Warm Coat Buffalo Zipper Sweatshirt,$49.99,2024-11-17
Heavy Thick Flannel Plaid Jacket Sherpa Fleece Lined Hoodies for Men Zip Up Winter Warm Coat Buffalo Zipper Sweatshirt,$49.99,2024-11-17
Heavy Thick Flannel Plaid Jacket Sherpa Fleece Lined Hoodies for Men Zip Up Winter Warm Coat Buffalo Zipper Sweatshirt,$49.99,2024-11-17
Heavy Thick Flannel Plaid Jacket Sherpa Fleece Lined Hoodies for Men Zip Up Winter Warm Coat Buffalo Zipper Sweatshirt,$49.99,2024-11-17
Heavy Thick Flannel Plaid Jacket Sherpa Fleece Lined Hoodies for Men Zip Up Winter Warm Coat Buffalo Zipper Sweatshirt,$49.99,2024-11-17
Heavy Thick Flannel Plaid Jacket Sherpa Fleece Lined Hoodies for Men Zip Up Winter Warm Coat Buffalo Zipper Sweatshirt,$49.99,2024-11-17
Heavy Thick Flannel Plaid Jacket Sherpa Fleece Lined Hoodies for Men Zip Up Winter Warm Coat Buffalo Zipper Sweatshirt,$49.99,2024-11-17
Heavy Thick Flannel Plaid Jacket Sherpa Fleece Lined Hoodies for Men Zip Up Winter Warm Coat Buffalo Zipper Sweatshirt,$49.99,2024-11-17
Heavy Thick Flannel Plaid Jacket Sherpa Fleece Lined Hoodies for Men Zip Up Winter Warm Coat Buffalo Zipper Sweatshirt,$49.99,2024-11-17
Heavy Thick Flannel Plaid Jacket Sherpa Fleece Lined Hoodies for Men Zip Up Winter Warm Coat Buffalo Zipper Sweatshirt,$49.99,2024-11-17
Heavy Thick Flannel Plaid Jacket Sherpa Fleece Lined Hoodies for Men Zip Up Winter Warm Coat Buffalo Zipper Sweatshirt,$49.99,2024-11-17
Heavy Thick Flannel Plaid Jacket Sherpa Fleece Lined Hoodies for Men Zip Up Winter Warm Coat Buffalo Zipper Sweatshirt,$49.99,2024-11-17
Heavy Thick Flannel Plaid Jacket Sherpa Fleece Lined Hoodies for Men Zip Up Winter Warm Coat Buffalo Zipper Sweatshirt,$49.99,2024-11-17
Heavy Thick Flannel Plaid Jacket Sherpa Fleece Lined Hoodies for Men Zip Up Winter Warm Coat Buffalo Zipper Sweatshirt,$49.99,2024-11-17
Heavy Thick Flannel Plaid Jacket Sherpa Fleece Lined Hoodies for Men Zip Up Winter Warm Coat Buffalo Zipper Sweatshirt,$49.99,2024-11-17
Heavy Thick Flannel Plaid Jacket Sherpa Fleece Lined Hoodies for Men Zip Up Winter Warm Coat Buffalo Zipper Sweatshirt,$49.99,2024-11-17
Heavy Thick Flannel Plaid Jacket Sherpa Fleece Lined Hoodies for Men Zip Up Winter Warm Coat Buffalo Zipper Sweatshirt,$49.99,2024-11-17
Heavy Thick Flannel Plaid Jacket Sherpa Fleece Lined Hoodies for Men Zip Up Winter Warm Coat Buffalo Zipper Sweatshirt,$49.99,2024-11-17
Heavy Thick Flannel Plaid Jacket Sherpa Fleece Lined Hoodies for Men Zip Up Winter Warm Coat Buffalo Zipper Sweatshirt,$49.99,2024-11-17
Heavy Thick Flannel Plaid Jacket Sherpa Fleece Lined Hoodies for Men Zip Up Winter Warm Coat Buffalo Zipper Sweatshirt,$49.99,2024-11-17
Heavy Thick Flannel Plaid Jacket Sherpa Fleece Lined Hoodies for Men Zip Up Winter Warm Coat Buffalo Zipper Sweatshirt,$49.99,2024-11-17
Heavy Thick Flannel Plaid Jacket Sherpa Fleece Lined Hoodies for Men Zip Up Winter Warm Coat Buffalo Zipper Sweatshirt,$49.99,2024-11-17
Heavy Thick Flannel Plaid Jacket Sherpa Fleece Lined Hoodies for Men Zip Up Winter Warm Coat Buffalo Zipper Sweatshirt,$49.99,2024-11-17
Heavy Thick Flannel Plaid Jacket Sherpa Fleece Lined Hoodies for Men Zip Up Winter Warm Coat Buffalo Zipper Sweatshirt,$49.99,2024-11-17
Heavy Thick Flannel Plaid Jacket Sherpa Fleece Lined Hoodies for Men Zip Up Winter Warm Coat Buffalo Zipper Sweatshirt,$49.99,2024-11-17
Heavy Thick Flannel Plaid Jacket Sherpa Fleece Lined Hoodies for Men Zip Up Winter Warm Coat Buffalo Zipper Sweatshirt,$49.99,2024-11-17
Heavy Thick Flannel Plaid Jacket Sherpa Fleece Lined Hoodies for Men Zip Up Winter Warm Coat Buffalo Zipper Sweatshirt,$49.99,2024-11-17
Heavy Thick Flannel Plaid Jacket Sherpa Fleece Lined Hoodies for Men Zip Up Winter Warm Coat Buffalo Zipper Sweatshirt,$49.99,2024-11-17
Heavy Thick Flannel Plaid Jacket Sherpa Fleece Lined Hoodies for Men Zip Up Winter Warm Coat Buffalo Zipper Sweatshirt,$49.99,2024-11-17
Heavy Thick Flannel Plaid Jacket Sherpa Fleece Lined Hoodies for Men Zip Up Winter Warm Coat Buffalo Zipper Sweatshirt,$49.99,2024-11-17
Heavy Thick Flannel Plaid Jacket Sherpa Fleece Lined Hoodies for Men Zip Up Winter Warm Coat Buffalo Zipper Sweatshirt,$49.99,2024-11-17
Heavy Thick Flannel Plaid Jacket Sherpa Fleece Lined Hoodies for Men Zip Up Winter Warm Coat Buffalo Zipper Sweatshirt,$49.99,2024-11-17
Heavy Thick Flannel Plaid Jacket Sherpa Fleece Lined Hoodies for Men Zip Up Winter Warm Coat Buffalo Zipper Sweatshirt,$49.99,2024-11-17
Heavy Thick Flannel Plaid Jacket Sherpa Fleece Lined Hoodies for Men Zip Up Winter Warm Coat Buffalo Zipper Sweatshirt,$49.99,2024-11-17
Heavy Thick Flannel Plaid Jacket Sherpa Fleece Lined Hoodies for Men Zip Up Winter Warm Coat Buffalo Zipper Sweatshirt,$49.99,2024-11-17
Heavy Thick Flannel Plaid Jacket Sherpa Fleece Lined Hoodies for Men Zip Up Winter Warm Coat Buffalo Zipper Sweatshirt,$49.99,2024-11-17
Heavy Thick Flannel Plaid Jacket Sherpa Fleece Lined Hoodies for Men Zip Up Winter Warm Coat Buffalo Zipper Sweatshirt,$49.99,2024-11-17
Heavy Thick Flannel Plaid Jacket Sherpa Fleece Lined Hoodies for Men Zip Up Winter Warm Coat Buffalo Zipper Sweatshirt,$49.99,2024-11-17
Heavy Thick Flannel Plaid Jacket Sherpa Fleece Lined Hoodies for Men Zip Up Winter Warm Coat Buffalo Zipper Sweatshirt,$49.99,2024-11-17
Heavy Thick Flannel Plaid Jacket Sherpa Fleece Lined Hoodies for Men Zip Up Winter Warm Coat Buffalo Zipper Sweatshirt,$49.99,2024-11-17
Heavy Thick Flannel Plaid Jacket Sherpa Fleece Lined Hoodies for Men Zip Up Winter Warm Coat Buffalo Zipper Sweatshirt,$49.99,2024-11-17
Heavy Thick Flannel Plaid Jacket Sherpa Fleece Lined Hoodies for Men Zip Up Winter Warm Coat Buffalo Zipper Sweatshirt,$49.99,2024-11-17
Heavy Thick Flannel Plaid Jacket Sherpa Fleece Lined Hoodies for Men Zip Up Winter Warm Coat Buffalo Zipper Sweatshirt,$49.99,2024-11-17
Heavy Thick Flannel Plaid Jacket Sherpa Fleece Lined Hoodies for Men Zip Up Winter Warm Coat Buffalo Zipper Sweatshirt,$49.99,2024-11-17
Heavy Thick Flannel Plaid Jacket Sherpa Fleece Lined Hoodies for Men Zip Up Winter Warm Coat Buffalo Zipper Sweatshirt,$49.99,2024-11-17
Heavy Thick Flannel Plaid Jacket Sherpa Fleece Lined Hoodies for Men Zip Up Winter Warm Coat Buffalo Zipper Sweatshirt,$49.99,2024-11-17
Heavy Thick Flannel Plaid Jacket Sherpa Fleece Lined Hoodies for Men Zip Up Winter Warm Coat Buffalo Zipper Sweatshirt,$49.99,2024-11-17
Heavy Thick Flannel Plaid Jacket Sherpa Fleece Lined Hoodies for Men Zip Up Winter Warm Coat Buffalo Zipper Sweatshirt,$49.99,2024-11-17
Heavy Thick Flannel Plaid Jacket Sherpa Fleece Lined Hoodies for Men Zip Up Winter Warm Coat Buffalo Zipper Sweatshirt,$49.99,2024-11-17
Heavy Thick Flannel Plaid Jacket Sherpa Fleece Lined Hoodies for Men Zip Up Winter Warm Coat Buffalo Zipper Sweatshirt,$49.99,2024-11-17
Heavy Thick Flannel Plaid Jacket Sherpa Fleece Lined Hoodies for Men Zip Up Winter Warm Coat Buffalo Zipper Sweatshirt,$49.99,2024-11-17
Heavy Thick Flannel Plaid Jacket Sherpa Fleece Lined Hoodies for Men Zip Up Winter Warm Coat Buffalo Zipper Sweatshirt,$49.99,2024-11-17
Heavy Thick Flannel Plaid Jacket Sherpa Fleece Lined Hoodies for Men Zip Up Winter Warm Coat Buffalo Zipper Sweatshirt,$49.99,2024-11-17
Heavy Thick Flannel Plaid Jacket Sherpa Fleece Lined Hoodies for Men Zip Up Winter Warm Coat Buffalo Zipper Sweatshirt,$49.99,2024-11-17
Heavy Thick Flannel Plaid Jacket Sherpa Fleece Lined Hoodies for Men Zip Up Winter Warm Coat Buffalo Zipper Sweatshirt,$49.99,2024-11-17
Heavy Thick Flannel Plaid Jacket Sherpa Fleece Lined Hoodies for Men Zip Up Winter Warm Coat Buffalo Zipper Sweatshirt,$49.99,2024-11-17
Heavy Thick Flannel Plaid Jacket Sherpa Fleece Lined Hoodies for Men Zip Up Winter Warm Coat Buffalo Zipper Sweatshirt,$49.99,2024-11-17
Heavy Thick Flannel Plaid Jacket Sherpa Fleece Lined Hoodies for Men Zip Up Winter Warm Coat Buffalo Zipper Sweatshirt,$49.99,2024-11-17
Heavy Thick Flannel Plaid Jacket Sherpa Fleece Lined Hoodies for Men Zip Up Winter Warm Coat Buffalo Zipper Sweatshirt,$49.99,2024-11-17
Heavy Thick Flannel Plaid Jacket Sherpa Fleece Lined Hoodies for Men Zip Up Winter Warm Coat Buffalo Zipper Sweatshirt,$49.99,2024-11-17
Heavy Thick Flannel Plaid Jacket Sherpa Fleece Lined Hoodies for Men Zip Up Winter Warm Coat Buffalo Zipper Sweatshirt,$49.99,2024-11-17
Heavy Thick Flannel Plaid Jacket Sherpa Fleece Lined Hoodies for Men Zip Up Winter Warm Coat Buffalo Zipper Sweatshirt,$49.99,2024-11-17
Heavy Thick Flannel Plaid Jacket Sherpa Fleece Lined Hoodies for Men Zip Up Winter Warm Coat Buffalo Zipper Sweatshirt,$49.99,2024-11-17
Heavy Thick Flannel Plaid Jacket Sherpa Fleece Lined Hoodies for Men Zip Up Winter Warm Coat Buffalo Zipper Sweatshirt,$49.99,2024-11-17
Heavy Thick Flannel Plaid Jacket Sherpa Fleece Lined Hoodies for Men Zip Up Winter Warm Coat Buffalo Zipper Sweatshirt,$49.99,2024-11-17
Heavy Thick Flannel Plaid Jacket Sherpa Fleece Lined Hoodies for Men Zip Up Winter Warm Coat Buffalo Zipper Sweatshirt,$49.99,2024-11-17
Heavy Thick Flannel Plaid Jacket Sherpa Fleece Lined Hoodies for Men Zip Up Winter Warm Coat Buffalo Zipper Sweatshirt,$49.99,2024-11-17
Heavy Thick Flannel Plaid Jacket Sherpa Fleece Lined Hoodies for Men Zip Up Winter Warm Coat Buffalo Zipper Sweatshirt,$49.99,2024-11-17
Heavy Thick Flannel Plaid Jacket Sherpa Fleece Lined Hoodies for Men Zip Up Winter Warm Coat Buffalo Zipper Sweatshirt,$49.99,2024-11-17
Heavy Thick Flannel Plaid Jacket Sherpa Fleece Lined Hoodies for Men Zip Up Winter Warm Coat Buffalo Zipper Sweatshirt,$49.99,2024-11-17
Heavy Thick Flannel Plaid Jacket Sherpa Fleece Lined Hoodies for Men Zip Up Winter Warm Coat Buffalo Zipper Sweatshirt,$49.99,2024-11-17
Heavy Thick Flannel Plaid Jacket Sherpa Fleece Lined Hoodies for Men Zip Up Winter Warm Coat Buffalo Zipper Sweatshirt,$49.99,2024-11-17
Heavy Thick Flannel Plaid Jacket Sherpa Fleece Lined Hoodies for Men Zip Up Winter Warm Coat Buffalo Zipper Sweatshirt,$49.99,2024-11-17
Heavy Thick Flannel Plaid Jacket Sherpa Fleece Lined Hoodies for Men Zip Up Winter Warm Coat Buffalo Zipper Sweatshirt,$49.99,2024-11-17
Heavy Thick Flannel Plaid Jacket Sherpa Fleece Lined Hoodies for Men Zip Up Winter Warm Coat Buffalo Zipper Sweatshirt,$49.99,2024-11-17
Heavy Thick Flannel Plaid Jacket Sherpa Fleece Lined Hoodies for Men Zip Up Winter Warm Coat Buffalo Zipper Sweatshirt,$49.99,2024-11-17
Heavy Thick Flannel Plaid Jacket Sherpa Fleece Lined Hoodies for Men Zip Up Winter Warm Coat Buffalo Zipper Sweatshirt,$49.99,2024-11-17
Heavy Thick Flannel Plaid Jacket Sherpa Fleece Lined Hoodies for Men Zip Up Winter Warm Coat Buffalo Zipper Sweatshirt,$49.99,2024-11-17
Heavy Thick Flannel Plaid Jacket Sherpa Fleece Lined Hoodies for Men Zip Up Winter Warm Coat Buffalo Zipper Sweatshirt,$49.99,2024-11-17
Heavy Thick Flannel Plaid Jacket Sherpa Fleece Lined Hoodies for Men Zip Up Winter Warm Coat Buffalo Zipper Sweatshirt,$49.99,2024-11-17
Heavy Thick Flannel Plaid Jacket Sherpa Fleece Lined Hoodies for Men Zip Up Winter Warm Coat Buffalo Zipper Sweatshirt,$49.99,2024-11-17
Heavy Thick Flannel Plaid Jacket Sherpa Fleece Lined Hoodies for Men Zip Up Winter Warm Coat Buffalo Zipper Sweatshirt,$49.99,2024-11-17
Heavy Thick Flannel Plaid Jacket Sherpa Fleece Lined Hoodies for Men Zip Up Winter Warm Coat Buffalo Zipper Sweatshirt,$49.99,2024-11-17
Heavy Thick Flannel Plaid Jacket Sherpa Fleece Lined Hoodies for Men Zip Up Winter Warm Coat Buffalo Zipper Sweatshirt,$49.99,2024-11-17
Heavy Thick Flannel Plaid Jacket Sherpa Fleece Lined Hoodies for Men Zip Up Winter Warm Coat Buffalo Zipper Sweatshirt,$49.99,2024-11-17
Heavy Thick Flannel Plaid Jacket Sherpa Fleece Lined Hoodies for Men Zip Up Winter Warm Coat Buffalo Zipper Sweatshirt,$49.99,2024-11-17
Heavy Thick Flannel Plaid Jacket Sherpa Fleece Lined Hoodies for Men Zip Up Winter Warm Coat Buffalo Zipper Sweatshirt,$49.99,2024-11-17
Heavy Thick Flannel Plaid Jacket Sherpa Fleece Lined Hoodies for Men Zip Up Winter Warm Coat Buffalo Zipper Sweatshirt,$49.99,2024-11-17
Heavy Thick Flannel Plaid Jacket Sherpa Fleece Lined Hoodies for Men Zip Up Winter Warm Coat Buffalo Zipper Sweatshirt,$49.99,2024-11-17
Heavy Thick Flannel Plaid Jacket Sherpa Fleece Lined Hoodies for Men Zip Up Winter Warm Coat Buffalo Zipper Sweatshirt,$49.99,2024-11-17
Heavy Thick Flannel Plaid Jacket Sherpa Fleece Lined Hoodies for Men Zip Up Winter Warm Coat Buffalo Zipper Sweatshirt,$49.99,2024-11-17
Heavy Thick Flannel Plaid Jacket Sherpa Fleece Lined Hoodies for Men Zip Up Winter Warm Coat Buffalo Zipper Sweatshirt,$49.99,2024-11-17
Heavy Thick Flannel Plaid Jacket Sherpa Fleece Lined Hoodies for Men Zip Up Winter Warm Coat Buffalo Zipper Sweatshirt,$49.99,2024-11-17
Heavy Thick Flannel Plaid Jacket Sherpa Fleece Lined Hoodies for Men Zip Up Winter Warm Coat Buffalo Zipper Sweatshirt,$49.99,2024-11-17
Heavy Thick Flannel Plaid Jacket Sherpa Fleece Lined Hoodies for Men Zip Up Winter Warm Coat Buffalo Zipper Sweatshirt,$49.99,2024-11-17
Heavy Thick Flannel Plaid Jacket Sherpa Fleece Lined Hoodies for Men Zip Up Winter Warm Coat Buffalo Zipper Sweatshirt,$49.99,2024-11-17
Heavy Thick Flannel Plaid Jacket Sherpa Fleece Lined Hoodies for Men Zip Up Winter Warm Coat Buffalo Zipper Sweatshirt,$49.99,2024-11-17
Heavy Thick Flannel Plaid Jacket Sherpa Fleece Lined Hoodies for Men Zip Up Winter Warm Coat Buffalo Zipper Sweatshirt,$49.99,2024-11-17
Heavy Thick Flannel Plaid Jacket Sherpa Fleece Lined Hoodies for Men Zip Up Winter Warm Coat Buffalo Zipper Sweatshirt,$49.99,2024-11-17
Heavy Thick Flannel Plaid Jacket Sherpa Fleece Lined Hoodies for Men Zip Up Winter Warm Coat Buffalo Zipper Sweatshirt,$49.99,2024-11-17
Heavy Thick Flannel Plaid Jacket Sherpa Fleece Lined Hoodies for Men Zip Up Winter Warm Coat Buffalo Zipper Sweatshirt,$49.99,2024-11-17
Heavy Thick Flannel Plaid Jacket Sherpa Fleece Lined Hoodies for Men Zip Up Winter Warm Coat Buffalo Zipper Sweatshirt,$49.99,2024-11-17
Heavy Thick Flannel Plaid Jacket Sherpa Fleece Lined Hoodies for Men Zip Up Winter Warm Coat Buffalo Zipper Sweatshirt,$49.99,2024-11-17
Heavy Thick Flannel Plaid Jacket Sherpa Fleece Lined Hoodies for Men Zip Up Winter Warm Coat Buffalo Zipper Sweatshirt,$49.99,2024-11-17
Heavy Thick Flannel Plaid Jacket Sherpa Fleece Lined Hoodies for Men Zip Up Winter Warm Coat Buffalo Zipper Sweatshirt,$49.99,2024-11-17
Heavy Thick Flannel Plaid Jacket Sherpa Fleece Lined Hoodies for Men Zip Up Winter Warm Coat Buffalo Zipper Sweatshirt,$49.99,2024-11-17
Heavy Thick Flannel Plaid Jacket Sherpa Fleece Lined Hoodies for Men Zip Up Winter Warm Coat Buffalo Zipper Sweatshirt,$49.99,2024-11-17
Heavy Thick Flannel Plaid Jacket Sherpa Fleece Lined Hoodies for Men Zip Up Winter Warm Coat Buffalo Zipper Sweatshirt,$49.99,2024-11-17
Heavy Thick Flannel Plaid Jacket Sherpa Fleece Lined Hoodies for Men Zip Up Winter Warm Coat Buffalo Zipper Sweatshirt,$49.99,2024-11-17
Heavy Thick Flannel Plaid Jacket Sherpa Fleece Lined Hoodies for Men Zip Up Winter Warm Coat Buffalo Zipper Sweatshirt,$49.99,2024-11-17
Heavy Thick Flannel Plaid Jacket Sherpa Fleece Lined Hoodies for Men Zip Up Winter Warm Coat Buffalo Zipper Sweatshirt,$49.99,2024-11-17
Heavy Thick Flannel Plaid Jacket Sherpa Fleece Lined Hoodies for Men Zip Up Winter Warm Coat Buffalo Zipper Sweatshirt,$49.99,2024-11-17
Heavy Thick Flannel Plaid Jacket Sherpa Fleece Lined Hoodies for Men Zip Up Winter Warm Coat Buffalo Zipper Sweatshirt,$49.99,2024-11-17
Heavy Thick Flannel Plaid Jacket Sherpa Fleece Lined Hoodies for Men Zip Up Winter Warm Coat Buffalo Zipper Sweatshirt,$49.99,2024-11-17
Heavy Thick Flannel Plaid Jacket Sherpa Fleece Lined Hoodies for Men Zip Up Winter Warm Coat Buffalo Zipper Sweatshirt,$49.99,2024-11-17
Heavy Thick Flannel Plaid Jacket Sherpa Fleece Lined Hoodies for Men Zip Up Winter Warm Coat Buffalo Zipper Sweatshirt,$49.99,2024-11-17
Heavy Thick Flannel Plaid Jacket Sherpa Fleece Lined Hoodies for Men Zip Up Winter Warm Coat Buffalo Zipper Sweatshirt,$49.99,2024-11-17
Heavy Thick Flannel Plaid Jacket Sherpa Fleece Lined Hoodies for Men Zip Up Winter Warm Coat Buffalo Zipper Sweatshirt,$49.99,2024-11-17
Heavy Thick Flannel Plaid Jacket Sherpa Fleece Lined Hoodies for Men Zip Up Winter Warm Coat Buffalo Zipper Sweatshirt,$49.99,2024-11-17
Heavy Thick Flannel Plaid Jacket Sherpa Fleece Lined Hoodies for Men Zip Up Winter Warm Coat Buffalo Zipper Sweatshirt,$49.99,2024-11-17
Heavy Thick Flannel Plaid Jacket Sherpa Fleece Lined Hoodies for Men Zip Up Winter Warm Coat Buffalo Zipper Sweatshirt,$49.99,2024-11-17
Heavy Thick Flannel Plaid Jacket Sherpa Fleece Lined Hoodies for Men Zip Up Winter Warm Coat Buffalo Zipper Sweatshirt,$49.99,2024-11-17
Heavy Thick Flannel Plaid Jacket Sherpa Fleece Lined Hoodies for Men Zip Up Winter Warm Coat Buffalo Zipper Sweatshirt,$49.99,2024-11-17
Heavy Thick Flannel Plaid Jacket Sherpa Fleece Lined Hoodies for Men Zip Up Winter Warm Coat Buffalo Zipper Sweatshirt,$49.99,2024-11-17
Heavy Thick Flannel Plaid Jacket Sherpa Fleece Lined Hoodies for Men Zip Up Winter Warm Coat Buffalo Zipper Sweatshirt,$49.99,2024-11-17
Heavy Thick Flannel Plaid Jacket Sherpa Fleece Lined Hoodies for Men Zip Up Winter Warm Coat Buffalo Zipper Sweatshirt,$49.99,2024-11-17
Heavy Thick Flannel Plaid Jacket Sherpa Fleece Lined Hoodies for Men Zip Up Winter Warm Coat Buffalo Zipper Sweatshirt,$49.99,2024-11-17
Heavy Thick Flannel Plaid Jacket Sherpa Fleece Lined Hoodies for Men Zip Up Winter Warm Coat Buffalo Zipper Sweatshirt,$49.99,2024-11-17
Heavy Thick Flannel Plaid Jacket Sherpa Fleece Lined Hoodies for Men Zip Up Winter Warm Coat Buffalo Zipper Sweatshirt,$49.99,2024-11-17
Heavy Thick Flannel Plaid Jacket Sherpa Fleece Lined Hoodies for Men Zip Up Winter Warm Coat Buffalo Zipper Sweatshirt,$49.99,2024-11-17
Heavy Thick Flannel Plaid Jacket Sherpa Fleece Lined Hoodies for Men Zip Up Winter Warm Coat Buffalo Zipper Sweatshirt,$49.99,2024-11-17
Heavy Thick Flannel Plaid Jacket Sherpa Fleece Lined Hoodies for Men Zip Up Winter Warm Coat Buffalo Zipper Sweatshirt,$49.99,2024-11-17
Heavy Thick Flannel Plaid Jacket Sherpa Fleece Lined Hoodies for Men Zip Up Winter Warm Coat Buffalo Zipper Sweatshirt,$49.99,2024-11-17
Heavy Thick Flannel Plaid Jacket Sherpa Fleece Lined Hoodies for Men Zip Up Winter Warm Coat Buffalo Zipper Sweatshirt,$49.99,2024-11-17
Heavy Thick Flannel Plaid Jacket Sherpa Fleece Lined Hoodies for Men Zip Up Winter Warm Coat Buffalo Zipper Sweatshirt,$49.99,2024-11-17
Heavy Thick Flannel Plaid Jacket Sherpa Fleece Lined Hoodies for Men Zip Up Winter Warm Coat Buffalo Zipper Sweatshirt,$49.99,2024-11-17
Heavy Thick Flannel Plaid Jacket Sherpa Fleece Lined Hoodies for Men Zip Up Winter Warm Coat Buffalo Zipper Sweatshirt,$49.99,2024-11-17
Heavy Thick Flannel Plaid Jacket Sherpa Fleece Lined Hoodies for Men Zip Up Winter Warm Coat Buffalo Zipper Sweatshirt,$49.99,2024-11-17
Heavy Thick Flannel Plaid Jacket Sherpa Fleece Lined Hoodies for Men Zip Up Winter Warm Coat Buffalo Zipper Sweatshirt,$49.99,2024-11-17
Heavy Thick Flannel Plaid Jacket Sherpa Fleece Lined Hoodies for Men Zip Up Winter Warm Coat Buffalo Zipper Sweatshirt,$49.99,2024-11-17
Heavy Thick Flannel Plaid Jacket Sherpa Fleece Lined Hoodies for Men Zip Up Winter Warm Coat Buffalo Zipper Sweatshirt,$49.99,2024-11-17
Heavy Thick Flannel Plaid Jacket Sherpa Fleece Lined Hoodies for Men Zip Up Winter Warm Coat Buffalo Zipper Sweatshirt,$49.99,2024-11-17
Heavy Thick Flannel Plaid Jacket Sherpa Fleece Lined Hoodies for Men Zip Up Winter Warm Coat Buffalo Zipper Sweatshirt,$49.99,2024-11-17
Heavy Thick Flannel Plaid Jacket Sherpa Fleece Lined Hoodies for Men Zip Up Winter Warm Coat Buffalo Zipper Sweatshirt,$49.99,2024-11-17
Heavy Thick Flannel Plaid Jacket Sherpa Fleece Lined Hoodies for Men Zip Up Winter Warm Coat Buffalo Zipper Sweatshirt,$49.99,2024-11-17
Heavy Thick Flannel Plaid Jacket Sherpa Fleece Lined Hoodies for Men Zip Up Winter Warm Coat Buffalo Zipper Sweatshirt,$49.99,2024-11-17
Heavy Thick Flannel Plaid Jacket Sherpa Fleece Lined Hoodies for Men Zip Up Winter Warm Coat Buffalo Zipper Sweatshirt,$49.99,2024-11-17
Heavy Thick Flannel Plaid Jacket Sherpa Fleece Lined Hoodies for Men Zip Up Winter Warm Coat Buffalo Zipper Sweatshirt,$49.99,2024-11-17
Heavy Thick Flannel Plaid Jacket Sherpa Fleece Lined Hoodies for Men Zip Up Winter Warm Coat Buffalo Zipper Sweatshirt,$49.99,2024-11-17
Heavy Thick Flannel Plaid Jacket Sherpa Fleece Lined Hoodies for Men Zip Up Winter Warm Coat Buffalo Zipper Sweatshirt,$49.99,2024-11-17
Heavy Thick Flannel Plaid Jacket Sherpa Fleece Lined Hoodies for Men Zip Up Winter Warm Coat Buffalo Zipper Sweatshirt,$49.99,2024-11-17
Heavy Thick Flannel Plaid Jacket Sherpa Fleece Lined Hoodies for Men Zip Up Winter Warm Coat Buffalo Zipper Sweatshirt,$49.99,2024-11-17
Heavy Thick Flannel Plaid Jacket Sherpa Fleece Lined Hoodies for Men Zip Up Winter Warm Coat Buffalo Zipper Sweatshirt,$49.99,2024-11-17
Heavy Thick Flannel Plaid Jacket Sherpa Fleece Lined Hoodies for Men Zip Up Winter Warm Coat Buffalo Zipper Sweatshirt,$49.99,2024-11-17
Heavy Thick Flannel Plaid Jacket Sherpa Fleece Lined Hoodies for Men Zip Up Winter Warm Coat Buffalo Zipper Sweatshirt,$49.99,2024-11-17
Heavy Thick Flannel Plaid Jacket Sherpa Fleece Lined Hoodies for Men Zip Up Winter Warm Coat Buffalo Zipper Sweatshirt,$49.99,2024-11-17
Heavy Thick Flannel Plaid Jacket Sherpa Fleece Lined Hoodies for Men Zip Up Winter Warm Coat Buffalo Zipper Sweatshirt,$49.99,2024-11-17
Heavy Thick Flannel Plaid Jacket Sherpa Fleece Lined Hoodies for Men Zip Up Winter Warm Coat Buffalo Zipper Sweatshirt,$49.99,2024-11-17
Heavy Thick Flannel Plaid Jacket Sherpa Fleece Lined Hoodies for Men Zip Up Winter Warm Coat Buffalo Zipper Sweatshirt,$49.99,2024-11-17
Heavy Thick Flannel Plaid Jacket Sherpa Fleece Lined Hoodies for Men Zip Up Winter Warm Coat Buffalo Zipper Sweatshirt,$49.99,2024-11-17
Heavy Thick Flannel Plaid Jacket Sherpa Fleece Lined Hoodies for Men Zip Up Winter Warm Coat Buffalo Zipper Sweatshirt,$49.99,2024-11-17
Heavy Thick Flannel Plaid Jacket Sherpa Fleece Lined Hoodies for Men Zip Up Winter Warm Coat Buffalo Zipper Sweatshirt,$49.99,2024-11-17
Heavy Thick Flannel Plaid Jacket Sherpa Fleece Lined Hoodies for Men Zip Up Winter Warm Coat Buffalo Zipper Sweatshirt,$49.99,2024-11-17
Heavy Thick Flannel Plaid Jacket Sherpa Fleece Lined Hoodies for Men Zip Up Winter Warm Coat Buffalo Zipper Sweatshirt,$49.99,2024-11-17
Heavy Thick Flannel Plaid Jacket Sherpa Fleece Lined Hoodies for Men Zip Up Winter Warm Coat Buffalo Zipper Sweatshirt,$49.99,2024-11-17
Heavy Thick Flannel Plaid Jacket Sherpa Fleece Lined Hoodies for Men Zip Up Winter Warm Coat Buffalo Zipper Sweatshirt,$49.99,2024-11-17
Heavy Thick Flannel Plaid Jacket Sherpa Fleece Lined Hoodies for Men Zip Up Winter Warm Coat Buffalo Zipper Sweatshirt,$49.99,2024-11-17
Heavy Thick Flannel Plaid Jacket Sherpa Fleece Lined Hoodies for Men Zip Up Winter Warm Coat Buffalo Zipper Sweatshirt,$49.99,2024-11-17
Heavy Thick Flannel Plaid Jacket Sherpa Fleece Lined Hoodies for Men Zip Up Winter Warm Coat Buffalo Zipper Sweatshirt,$49.99,2024-11-17
Heavy Thick Flannel Plaid Jacket Sherpa Fleece Lined Hoodies for Men Zip Up Winter Warm Coat Buffalo Zipper Sweatshirt,$49.99,2024-11-17
Heavy Thick Flannel Plaid Jacket Sherpa Fleece Lined Hoodies for Men Zip Up Winter Warm Coat Buffalo Zipper Sweatshirt,$49.99,2024-11-17
Heavy Thick Flannel Plaid Jacket Sherpa Fleece Lined Hoodies for Men Zip Up Winter Warm Coat Buffalo Zipper Sweatshirt,$49.99,2024-11-17
Heavy Thick Flannel Plaid Jacket Sherpa Fleece Lined Hoodies for Men Zip Up Winter Warm Coat Buffalo Zipper Sweatshirt,$49.99,2024-11-17
Heavy Thick Flannel Plaid Jacket Sherpa Fleece Lined Hoodies for Men Zip Up Winter Warm Coat Buffalo Zipper Sweatshirt,$49.99,2024-11-17
Heavy Thick Flannel Plaid Jacket Sherpa Fleece Lined Hoodies for Men Zip Up Winter Warm Coat Buffalo Zipper Sweatshirt,$49.99,2024-11-17
Heavy Thick Flannel Plaid Jacket Sherpa Fleece Lined Hoodies for Men Zip Up Winter Warm Coat Buffalo Zipper Sweatshirt,$49.99,2024-11-17
Heavy Thick Flannel Plaid Jacket Sherpa Fleece Lined Hoodies for Men Zip Up Winter Warm Coat Buffalo Zipper Sweatshirt,$49.99,2024-11-17
Heavy Thick Flannel Plaid Jacket Sherpa Fleece Lined Hoodies for Men Zip Up Winter Warm Coat Buffalo Zipper Sweatshirt,$49.99,2024-11-17
Heavy Thick Flannel Plaid Jacket Sherpa Fleece Lined Hoodies for Men Zip Up Winter Warm Coat Buffalo Zipper Sweatshirt,$49.99,2024-11-17
Heavy Thick Flannel Plaid Jacket Sherpa Fleece Lined Hoodies for Men Zip Up Winter Warm Coat Buffalo Zipper Sweatshirt,$49.99,2024-11-17
Heavy Thick Flannel Plaid Jacket Sherpa Fleece Lined Hoodies for Men Zip Up Winter Warm Coat Buffalo Zipper Sweatshirt,$49.99,2024-11-17
Heavy Thick Flannel Plaid Jacket Sherpa Fleece Lined Hoodies for Men Zip Up Winter Warm Coat Buffalo Zipper Sweatshirt,$49.99,2024-11-17
Heavy Thick Flannel Plaid Jacket Sherpa Fleece Lined Hoodies for Men Zip Up Winter Warm Coat Buffalo Zipper Sweatshirt,$49.99,2024-11-17
Heavy Thick Flannel Plaid Jacket Sherpa Fleece Lined Hoodies for Men Zip Up Winter Warm Coat Buffalo Zipper Sweatshirt,$49.99,2024-11-17
Heavy Thick Flannel Plaid Jacket Sherpa Fleece Lined Hoodies for Men Zip Up Winter Warm Coat Buffalo Zipper Sweatshirt,$49.99,2024-11-17
Heavy Thick Flannel Plaid Jacket Sherpa Fleece Lined Hoodies for Men Zip Up Winter Warm Coat Buffalo Zipper Sweatshirt,$49.99,2024-11-17
Heavy Thick Flannel Plaid Jacket Sherpa Fleece Lined Hoodies for Men Zip Up Winter Warm Coat Buffalo Zipper Sweatshirt,$49.99,2024-11-17
Heavy Thick Flannel Plaid Jacket Sherpa Fleece Lined Hoodies for Men Zip Up Winter Warm Coat Buffalo Zipper Sweatshirt,$49.99,2024-11-17
Heavy Thick Flannel Plaid Jacket Sherpa Fleece Lined Hoodies for Men Zip Up Winter Warm Coat Buffalo Zipper Sweatshirt,$49.99,2024-11-17
Heavy Thick Flannel Plaid Jacket Sherpa Fleece Lined Hoodies for Men Zip Up Winter Warm Coat Buffalo Zipper Sweatshirt,$49.99,2024-11-17
Heavy Thick Flannel Plaid Jacket Sherpa Fleece Lined Hoodies for Men Zip Up Winter Warm Coat Buffalo Zipper Sweatshirt,$49.99,2024-11-17
Heavy Thick Flannel Plaid Jacket Sherpa Fleece Lined Hoodies for Men Zip Up Winter Warm Coat Buffalo Zipper Sweatshirt,$49.99,2024-11-17
Heavy Thick Flannel Plaid Jacket Sherpa Fleece Lined Hoodies for Men Zip Up Winter Warm Coat Buffalo Zipper Sweatshirt,$49.99,2024-11-17
Heavy Thick Flannel Plaid Jacket Sherpa Fleece Lined Hoodies for Men Zip Up Winter Warm Coat Buffalo Zipper Sweatshirt,$49.99,2024-11-17
Heavy Thick Flannel Plaid Jacket Sherpa Fleece Lined Hoodies for Men Zip Up Winter Warm Coat Buffalo Zipper Sweatshirt,$49.99,2024-11-17
Heavy Thick Flannel Plaid Jacket Sherpa Fleece Lined Hoodies for Men Zip Up Winter Warm Coat Buffalo Zipper Sweatshirt,$49.99,2024-11-17
Heavy Thick Flannel Plaid Jacket Sherpa Fleece Lined Hoodies for Men Zip Up Winter Warm Coat Buffalo Zipper Sweatshirt,$49.99,2024-11-17
Heavy Thick Flannel Plaid Jacket Sherpa Fleece Lined Hoodies for Men Zip Up Winter Warm Coat Buffalo Zipper Sweatshirt,$49.99,2024-11-17
Heavy Thick Flannel Plaid Jacket Sherpa Fleece Lined Hoodies for Men Zip Up Winter Warm Coat Buffalo Zipper Sweatshirt,$49.99,2024-11-17
Heavy Thick Flannel Plaid Jacket Sherpa Fleece Lined Hoodies for Men Zip Up Winter Warm Coat Buffalo Zipper Sweatshirt,$49.99,2024-11-17
Heavy Thick Flannel Plaid Jacket Sherpa Fleece Lined Hoodies for Men Zip Up Winter Warm Coat Buffalo Zipper Sweatshirt,$49.99,2024-11-17
Heavy Thick Flannel Plaid Jacket Sherpa Fleece Lined Hoodies for Men Zip Up Winter Warm Coat Buffalo Zipper Sweatshirt,$49.99,2024-11-17
Heavy Thick Flannel Plaid Jacket Sherpa Fleece Lined Hoodies for Men Zip Up Winter Warm Coat Buffalo Zipper Sweatshirt,$49.99,2024-11-17
Heavy Thick Flannel Plaid Jacket Sherpa Fleece Lined Hoodies for Men Zip Up Winter Warm Coat Buffalo Zipper Sweatshirt,$49.99,2024-11-17
Heavy Thick Flannel Plaid Jacket Sherpa Fleece Lined Hoodies for Men Zip Up Winter Warm Coat Buffalo Zipper Sweatshirt,$49.99,2024-11-17
Heavy Thick Flannel Plaid Jacket Sherpa Fleece Lined Hoodies for Men Zip Up Winter Warm Coat Buffalo Zipper Sweatshirt,$49.99,2024-11-17
Heavy Thick Flannel Plaid Jacket Sherpa Fleece Lined Hoodies for Men Zip Up Winter Warm Coat Buffalo Zipper Sweatshirt,$49.99,2024-11-17
Heavy Thick Flannel Plaid Jacket Sherpa Fleece Lined Hoodies for Men Zip Up Winter Warm Coat Buffalo Zipper Sweatshirt,$49.99,2024-11-17
Heavy Thick Flannel Plaid Jacket Sherpa Fleece Lined Hoodies for Men Zip Up Winter Warm Coat Buffalo Zipper Sweatshirt,$49.99,2024-11-17
Heavy Thick Flannel Plaid Jacket Sherpa Fleece Lined Hoodies for Men Zip Up Winter Warm Coat Buffalo Zipper Sweatshirt,$49.99,2024-11-17
Heavy Thick Flannel Plaid Jacket Sherpa Fleece Lined Hoodies for Men Zip Up Winter Warm Coat Buffalo Zipper Sweatshirt,$49.99,2024-11-17
Heavy Thick Flannel Plaid Jacket Sherpa Fleece Lined Hoodies for Men Zip Up Winter Warm Coat Buffalo Zipper Sweatshirt,$49.99,2024-11-17
Heavy Thick Flannel Plaid Jacket Sherpa Fleece Lined Hoodies for Men Zip Up Winter Warm Coat Buffalo Zipper Sweatshirt,$49.99,2024-11-17
Heavy Thick Flannel Plaid Jacket Sherpa Fleece Lined Hoodies for Men Zip Up Winter Warm Coat Buffalo Zipper Sweatshirt,$49.99,2024-11-17
Heavy Thick Flannel Plaid Jacket Sherpa Fleece Lined Hoodies for Men Zip Up Winter Warm Coat Buffalo Zipper Sweatshirt,$49.99,2024-11-17
Heavy Thick Flannel Plaid Jacket Sherpa Fleece Lined Hoodies for Men Zip Up Winter Warm Coat Buffalo Zipper Sweatshirt,$49.99,2024-11-17
Heavy Thick Flannel Plaid Jacket Sherpa Fleece Lined Hoodies for Men Zip Up Winter Warm Coat Buffalo Zipper Sweatshirt,$49.99,2024-11-17
Heavy Thick Flannel Plaid Jacket Sherpa Fleece Lined Hoodies for Men Zip Up Winter Warm Coat Buffalo Zipper Sweatshirt,$49.99,2024-11-17
Heavy Thick Flannel Plaid Jacket Sherpa Fleece Lined Hoodies for Men Zip Up Winter Warm Coat Buffalo Zipper Sweatshirt,$49.99,2024-11-17
Heavy Thick Flannel Plaid Jacket Sherpa Fleece Lined Hoodies for Men Zip Up Winter Warm Coat Buffalo Zipper Sweatshirt,$49.99,2024-11-17
Heavy Thick Flannel Plaid Jacket Sherpa Fleece Lined Hoodies for Men Zip Up Winter Warm Coat Buffalo Zipper Sweatshirt,$49.99,2024-11-17
Heavy Thick Flannel Plaid Jacket Sherpa Fleece Lined Hoodies for Men Zip Up Winter Warm Coat Buffalo Zipper Sweatshirt,$49.99,2024-11-17
Heavy Thick Flannel Plaid Jacket Sherpa Fleece Lined Hoodies for Men Zip Up Winter Warm Coat Buffalo Zipper Sweatshirt,$49.99,2024-11-17
Heavy Thick Flannel Plaid Jacket Sherpa Fleece Lined Hoodies for Men Zip Up Winter Warm Coat Buffalo Zipper Sweatshirt,$49.99,2024-11-17
Heavy Thick Flannel Plaid Jacket Sherpa Fleece Lined Hoodies for Men Zip Up Winter Warm Coat Buffalo Zipper Sweatshirt,$49.99,2024-11-17
Heavy Thick Flannel Plaid Jacket Sherpa Fleece Lined Hoodies for Men Zip Up Winter Warm Coat Buffalo Zipper Sweatshirt,$49.99,2024-11-17
Heavy Thick Flannel Plaid Jacket Sherpa Fleece Lined Hoodies for Men Zip Up Winter Warm Coat Buffalo Zipper Sweatshirt,$49.99,2024-11-17
Heavy Thick Flannel Plaid Jacket Sherpa Fleece Lined Hoodies for Men Zip Up Winter Warm Coat Buffalo Zipper Sweatshirt,$49.99,2024-11-17
Heavy Thick Flannel Plaid Jacket Sherpa Fleece Lined Hoodies for Men Zip Up Winter Warm Coat Buffalo Zipper Sweatshirt,$49.99,2024-11-17
Heavy Thick Flannel Plaid Jacket Sherpa Fleece Lined Hoodies for Men Zip Up Winter Warm Coat Buffalo Zipper Sweatshirt,$49.99,2024-11-17
Heavy Thick Flannel Plaid Jacket Sherpa Fleece Lined Hoodies for Men Zip Up Winter Warm Coat Buffalo Zipper Sweatshirt,$49.99,2024-11-17
Heavy Thick Flannel Plaid Jacket Sherpa Fleece Lined Hoodies for Men Zip Up Winter Warm Coat Buffalo Zipper Sweatshirt,$49.99,2024-11-17
Heavy Thick Flannel Plaid Jacket Sherpa Fleece Lined Hoodies for Men Zip Up Winter Warm Coat Buffalo Zipper Sweatshirt,$49.99,2024-11-17
Heavy Thick Flannel Plaid Jacket Sherpa Fleece Lined Hoodies for Men Zip Up Winter Warm Coat Buffalo Zipper Sweatshirt,$49.99,2024-11-17
Heavy Thick Flannel Plaid Jacket Sherpa Fleece Lined Hoodies for Men Zip Up Winter Warm Coat Buffalo Zipper Sweatshirt,$49.99,2024-11-17
Heavy Thick Flannel Plaid Jacket Sherpa Fleece Lined Hoodies for Men Zip Up Winter Warm Coat Buffalo Zipper Sweatshirt,$49.99,2024-11-17
Heavy Thick Flannel Plaid Jacket Sherpa Fleece Lined Hoodies for Men Zip Up Winter Warm Coat Buffalo Zipper Sweatshirt,$49.99,2024-11-17
Heavy Thick Flannel Plaid Jacket Sherpa Fleece Lined Hoodies for Men Zip Up Winter Warm Coat Buffalo Zipper Sweatshirt,$49.99,2024-11-17
Heavy Thick Flannel Plaid Jacket Sherpa Fleece Lined Hoodies for Men Zip Up Winter Warm Coat Buffalo Zipper Sweatshirt,$49.99,2024-11-17
Heavy Thick Flannel Plaid Jacket Sherpa Fleece Lined Hoodies for Men Zip Up Winter Warm Coat Buffalo Zipper Sweatshirt,$49.99,2024-11-17
Heavy Thick Flannel Plaid Jacket Sherpa Fleece Lined Hoodies for Men Zip Up Winter Warm Coat Buffalo Zipper Sweatshirt,$49.99,2024-11-17
Heavy Thick Flannel Plaid Jacket Sherpa Fleece Lined Hoodies for Men Zip Up Winter Warm Coat Buffalo Zipper Sweatshirt,$49.99,2024-11-17
Heavy Thick Flannel Plaid Jacket Sherpa Fleece Lined Hoodies for Men Zip Up Winter Warm Coat Buffalo Zipper Sweatshirt,$49.99,2024-11-17
Heavy Thick Flannel Plaid Jacket Sherpa Fleece Lined Hoodies for Men Zip Up Winter Warm Coat Buffalo Zipper Sweatshirt,$49.99,2024-11-17
Heavy Thick Flannel Plaid Jacket Sherpa Fleece Lined Hoodies for Men Zip Up Winter Warm Coat Buffalo Zipper Sweatshirt,$49.99,2024-11-17
Heavy Thick Flannel Plaid Jacket Sherpa Fleece Lined Hoodies for Men Zip Up Winter Warm Coat Buffalo Zipper Sweatshirt,$49.99,2024-11-17
Heavy Thick Flannel Plaid Jacket Sherpa Fleece Lined Hoodies for Men Zip Up Winter Warm Coat Buffalo Zipper Sweatshirt,$49.99,2024-11-17
Heavy Thick Flannel Plaid Jacket Sherpa Fleece Lined Hoodies for Men Zip Up Winter Warm Coat Buffalo Zipper Sweatshirt,$49.99,2024-11-17
Heavy Thick Flannel Plaid Jacket Sherpa Fleece Lined Hoodies for Men Zip Up Winter Warm Coat Buffalo Zipper Sweatshirt,$49.99,2024-11-17
Heavy Thick Flannel Plaid Jacket Sherpa Fleece Lined Hoodies for Men Zip Up Winter Warm Coat Buffalo Zipper Sweatshirt,$49.99,2024-11-17
Heavy Thick Flannel Plaid Jacket Sherpa Fleece Lined Hoodies for Men Zip Up Winter Warm Coat Buffalo Zipper Sweatshirt,$49.99,2024-11-17
Heavy Thick Flannel Plaid Jacket Sherpa Fleece Lined Hoodies for Men Zip Up Winter Warm Coat Buffalo Zipper Sweatshirt,$49.99,2024-11-17
Heavy Thick Flannel Plaid Jacket Sherpa Fleece Lined Hoodies for Men Zip Up Winter Warm Coat Buffalo Zipper Sweatshirt,$49.99,2024-11-17
Heavy Thick Flannel Plaid Jacket Sherpa Fleece Lined Hoodies for Men Zip Up Winter Warm Coat Buffalo Zipper Sweatshirt,$49.99,2024-11-17
Heavy Thick Flannel Plaid Jacket Sherpa Fleece Lined Hoodies for Men Zip Up Winter Warm Coat Buffalo Zipper Sweatshirt,$49.99,2024-11-17
Heavy Thick Flannel Plaid Jacket Sherpa Fleece Lined Hoodies for Men Zip Up Winter Warm Coat Buffalo Zipper Sweatshirt,$49.99,2024-11-17
Heavy Thick Flannel Plaid Jacket Sherpa Fleece Lined Hoodies for Men Zip Up Winter Warm Coat Buffalo Zipper Sweatshirt,$49.99,2024-11-17
Heavy Thick Flannel Plaid Jacket Sherpa Fleece Lined Hoodies for Men Zip Up Winter Warm Coat Buffalo Zipper Sweatshirt,$49.99,2024-11-17
Heavy Thick Flannel Plaid Jacket Sherpa Fleece Lined Hoodies for Men Zip Up Winter Warm Coat Buffalo Zipper Sweatshirt,$49.99,2024-11-17
Heavy Thick Flannel Plaid Jacket Sherpa Fleece Lined Hoodies for Men Zip Up Winter Warm Coat Buffalo Zipper Sweatshirt,$49.99,2024-11-17
Heavy Thick Flannel Plaid Jacket Sherpa Fleece Lined Hoodies for Men Zip Up Winter Warm Coat Buffalo Zipper Sweatshirt,$49.99,2024-11-17
Heavy Thick Flannel Plaid Jacket Sherpa Fleece Lined Hoodies for Men Zip Up Winter Warm Coat Buffalo Zipper Sweatshirt,$49.99,2024-11-17
Heavy Thick Flannel Plaid Jacket Sherpa Fleece Lined Hoodies for Men Zip Up Winter Warm Coat Buffalo Zipper Sweatshirt,$49.99,2024-11-17
Heavy Thick Flannel Plaid Jacket Sherpa Fleece Lined Hoodies for Men Zip Up Winter Warm Coat Buffalo Zipper Sweatshirt,$49.99,2024-11-17
Heavy Thick Flannel Plaid Jacket Sherpa Fleece Lined Hoodies for Men Zip Up Winter Warm Coat Buffalo Zipper Sweatshirt,$49.99,2024-11-17
Heavy Thick Flannel Plaid Jacket Sherpa Fleece Lined Hoodies for Men Zip Up Winter Warm Coat Buffalo Zipper Sweatshirt,$49.99,2024-11-17
Heavy Thick Flannel Plaid Jacket Sherpa Fleece Lined Hoodies for Men Zip Up Winter Warm Coat Buffalo Zipper Sweatshirt,$49.99,2024-11-17
Heavy Thick Flannel Plaid Jacket Sherpa Fleece Lined Hoodies for Men Zip Up Winter Warm Coat Buffalo Zipper Sweatshirt,$49.99,2024-11-17
Heavy Thick Flannel Plaid Jacket Sherpa Fleece Lined Hoodies for Men Zip Up Winter Warm Coat Buffalo Zipper Sweatshirt,$49.99,2024-11-17
Heavy Thick Flannel Plaid Jacket Sherpa Fleece Lined Hoodies for Men Zip Up Winter Warm Coat Buffalo Zipper Sweatshirt,$49.99,2024-11-17
Heavy Thick Flannel Plaid Jacket Sherpa Fleece Lined Hoodies for Men Zip Up Winter Warm Coat Buffalo Zipper Sweatshirt,$49.99,2024-11-17
Heavy Thick Flannel Plaid Jacket Sherpa Fleece Lined Hoodies for Men Zip Up Winter Warm Coat Buffalo Zipper Sweatshirt,$49.99,2024-11-17
Heavy Thick Flannel Plaid Jacket Sherpa Fleece Lined Hoodies for Men Zip Up Winter Warm Coat Buffalo Zipper Sweatshirt,$49.99,2024-11-17
Heavy Thick Flannel Plaid Jacket Sherpa Fleece Lined Hoodies for Men Zip Up Winter Warm Coat Buffalo Zipper Sweatshirt,$49.99,2024-11-17
Heavy Thick Flannel Plaid Jacket Sherpa Fleece Lined Hoodies for Men Zip Up Winter Warm Coat Buffalo Zipper Sweatshirt,$49.99,2024-11-17
Heavy Thick Flannel Plaid Jacket Sherpa Fleece Lined Hoodies for Men Zip Up Winter Warm Coat Buffalo Zipper Sweatshirt,$49.99,2024-11-17
Heavy Thick Flannel Plaid Jacket Sherpa Fleece Lined Hoodies for Men Zip Up Winter Warm Coat Buffalo Zipper Sweatshirt,$49.99,2024-11-17
Heavy Thick Flannel Plaid Jacket Sherpa Fleece Lined Hoodies for Men Zip Up Winter Warm Coat Buffalo Zipper Sweatshirt,$49.99,2024-11-17
Heavy Thick Flannel Plaid Jacket Sherpa Fleece Lined Hoodies for Men Zip Up Winter Warm Coat Buffalo Zipper Sweatshirt,$49.99,2024-11-17
Heavy Thick Flannel Plaid Jacket Sherpa Fleece Lined Hoodies for Men Zip Up Winter Warm Coat Buffalo Zipper Sweatshirt,$49.99,2024-11-17
Heavy Thick Flannel Plaid Jacket Sherpa Fleece Lined Hoodies for Men Zip Up Winter Warm Coat Buffalo Zipper Sweatshirt,$49.99,2024-11-17
Heavy Thick Flannel Plaid Jacket Sherpa Fleece Lined Hoodies for Men Zip Up Winter Warm Coat Buffalo Zipper Sweatshirt,$49.99,2024-11-17
